feature,importance
num__number_inpatient,0.17338450277885792
cat__discharge_disposition_id_1,0.06800844737893944
num__number_emergency,0.05898056143156603
cat__discharge_disposition_id_22,0.0547140814679558
cat__discharge_disposition_id_11,0.049213886547372174
num__num_medications,0.033195010987318994
num__number_diagnoses,0.03060813893863695
num__time_in_hospital,0.026675123189295793
cat__discharge_disposition_id_3,0.026388446648541203
cat__diag_2_250,0.01832878378255559
cat__diag_3_250,0.01739244012588089
cat__discharge_disposition_id_5,0.01554346458287997
num__number_outpatient,0.015075924071062227
num__num_lab_procedures,0.013936079457862176
cat__insulin_Down,0.013588876980722177
cat__insulin_No,0.012937515792726558
cat__metformin_No,0.012038082266166258
cat__diag_1_V58,0.010944603926660431
cat__diag_3_401,0.010485356291352145
cat__diabetesMed_Yes,0.010081861769531974
cat__diag_2_401,0.009933350438092601
cat__diabetesMed_No,0.009475388057141518
cat__diag_1_250.6,0.008978525615096445
cat__diag_1_786,0.00881718292043154
cat__metformin_Steady,0.008030937948243435
cat__discharge_disposition_id_2,0.00798504179562634
cat__diag_1_428,0.007691432061047802
cat__discharge_disposition_id_6,0.007216239224227343
cat__diag_3_272,0.006264258665220157
num__num_procedures,0.006215703813062905
cat__A1Cresult_Unknown,0.0061719640279969575
cat__diag_3_585,0.005743053538323178
cat__age_[50-60),0.00543250433491924
cat__diag_3_403,0.005337494003552311
cat__admission_source_id_7,0.00532374217288394
cat__diag_3_Unknown,0.005288101058046432
cat__diag_2_403,0.0052571269696651424
cat__diag_1_434,0.004997884008090607
cat__diag_3_250.6,0.004956595827390524
cat__admission_type_id_1,0.004620228323626154
cat__discharge_disposition_id_28,0.004289938364819569
cat__change_No,0.004272731951607959
cat__change_Ch,0.004114195818152812
cat__insulin_Up,0.003959277537642727
cat__age_[80-90),0.00364591752264671
cat__diag_2_272,0.0034267907610636746
cat__age_[20-30),0.0034116758719022434
cat__diag_2_250.6,0.0030484011038288835
cat__diag_1_486,0.0030240920301295945
cat__race_Unknown,0.0029090522019271114
cat__diag_1_250.7,0.0028678396993018383
cat__admission_source_id_1,0.0028524996997391985
cat__diag_3_536,0.002726141967594576
cat__diag_1_820,0.002711101124904124
cat__age_[70-80),0.0025772227444638895
cat__age_[10-20),0.0024633624816917526
cat__insulin_Steady,0.002440438284451216
cat__max_glu_serum_Unknown,0.002384725879817714
cat__A1Cresult_>8,0.0022899264280592897
cat__diag_2_585,0.002216833468220707
cat__admission_type_id_3,0.002175870849607301
cat__diag_1_440,0.0021465301152218627
cat__diag_2_648,0.002124690873612497
cat__race_Caucasian,0.0021087272105623114
cat__diag_1_414,0.0020770158412146524
cat__discharge_disposition_id_13,0.0019798789272731272
cat__diag_1_V57,0.001961987340804271
cat__diag_2_440,0.00186948108251974
cat__discharge_disposition_id_18,0.0018674999789881532
cat__diag_2_250.41,0.0018218587936645566
cat__diag_2_342,0.0017984403597814975
cat__diag_1_572,0.0017071045034643775
cat__gender_Male,0.0016939601260486398
cat__diag_1_427,0.0016360743832690631
cat__admission_type_id_2,0.0015988403746597833
cat__discharge_disposition_id_23,0.0015294901945700284
cat__diag_1_715,0.001514768011589461
cat__rosiglitazone_Steady,0.0015076887620593938
cat__gender_Female,0.0014717391604101883
cat__diag_2_285,0.0014473345834398758
cat__diag_2_428,0.0014169555209339007
cat__diag_1_722,0.0014011109705725129
cat__admission_type_id_5,0.0013735714763993855
cat__diag_3_414,0.001340208630057407
cat__diag_2_414,0.0013209008819013756
cat__age_[60-70),0.0013151579113176003
cat__A1Cresult_Norm,0.00128344338405179
cat__glipizide_Steady,0.0012769636582024514
cat__diag_3_496,0.0012092103106135879
cat__discharge_disposition_id_15,0.0011461968618173915
cat__diag_2_707,0.0011417405763988865
cat__admission_source_id_17,0.0011267125229132444
cat__diag_2_202,0.0011201109759095501
cat__diag_1_250.02,0.0011131061493660586
cat__admission_type_id_6,0.0011046261021499947
cat__diag_1_682,0.0010934622151263153
cat__glimepiride_No,0.0010875563825080766
cat__diag_3_707,0.001060818898573712
cat__age_[30-40),0.0010513473177837462
cat__glipizide_No,0.0010433996593450462
cat__diag_1_278,0.001025018326417662
cat__race_AfricanAmerican,0.0010210812865701613
cat__diag_3_581,0.0010108872239208827
cat__diag_1_574,0.0009968488817144793
cat__diag_1_250.11,0.0009689034281717209
cat__diag_1_276,0.0009529162093897451
cat__age_[0-10),0.0009491879200681715
cat__glimepiride_Steady,0.000938671723106025
cat__diag_1_787,0.0009379188350464651
cat__age_[90-100),0.0009245990275486429
cat__diag_1_435,0.0009101682850678523
cat__diag_2_413,0.0009076547972286981
cat__diag_3_197,0.0008786936949864408
cat__diag_3_278,0.000871169643376423
cat__diag_1_403,0.0008631966325993181
cat__glyburide_No,0.0008538223157663072
cat__diag_2_427,0.0008514368036905191
cat__metformin_Up,0.0008347963883301491
cat__A1Cresult_>7,0.0007747436133208376
cat__diag_2_250.02,0.0007707196465234078
cat__diag_1_250.13,0.0007538042532202746
cat__discharge_disposition_id_7,0.0007506523264451324
cat__diag_3_553,0.0007490623438875739
cat__diag_1_590,0.0007467904183524161
cat__glyburide_Steady,0.0007427543846779942
cat__diag_3_276,0.0007373561771812477
cat__diag_2_276,0.0007364959655401519
cat__age_[40-50),0.000734584301628499
cat__diag_2_278,0.0007329212571023456
cat__diag_1_780,0.0007168676249495703
cat__pioglitazone_No,0.0006982205790338085
cat__admission_source_id_6,0.0006964045938121248
cat__diag_3_250.7,0.0006635453017006168
cat__rosiglitazone_No,0.000654642673085669
cat__diag_1_218,0.0006362621996331279
cat__diag_3_428,0.0006333601507163475
cat__diag_2_491,0.0005979831782634201
cat__diag_1_493,0.0005936432491316931
cat__diag_1_618,0.0005926045538244785
cat__race_Hispanic,0.0005703776086522398
cat__pioglitazone_Steady,0.0005686120370884889
cat__diag_1_518,0.000564712404716072
cat__diag_1_410,0.0005613857945366603
cat__max_glu_serum_>300,0.0005403305347333145
cat__diag_3_402,0.0005361002680908537
cat__max_glu_serum_Norm,0.0005312149080072901
cat__diag_3_518,0.0005263694855545682
cat__diag_3_789,0.0005108752850639261
cat__diag_3_V45,0.0005102548557669748
cat__diag_2_411,0.0005072955723923229
cat__diag_3_780,0.0005069745044743297
cat__repaglinide_No,0.0004903000092194677
cat__discharge_disposition_id_25,0.0004901531508227936
cat__diag_3_41,0.0004820612398456742
cat__discharge_disposition_id_14,0.00048107169844465223
cat__diag_2_786,0.0004789144249778346
cat__diag_1_648,0.0004768768924374043
cat__diag_2_780,0.0004765897962174192
cat__diag_1_38,0.0004747829811214735
cat__diag_1_996,0.0004685792447700233
cat__diag_2_536,0.0004668623806750054
cat__diag_3_427,0.00045841006768625577
cat__admission_source_id_4,0.0004493669200748044
cat__diag_3_785,0.0004237845222955989
cat__diag_3_250.02,0.0004236242574108816
cat__diag_2_305,0.0004143864017755579
cat__diag_1_491,0.0004138909502400827
cat__diag_3_250.42,0.00041276912026092633
cat__diag_2_496,0.00041260332170926344
cat__diag_1_997,0.0004097175217294438
cat__diag_1_250.12,0.00040912417769618423
cat__diag_3_250.4,0.000409025996540073
cat__discharge_disposition_id_4,0.00040183128299808304
cat__diag_2_507,0.00040113436122103533
cat__diag_2_518,0.0003832149923018197
cat__diag_2_486,0.0003800065682124875
cat__diag_2_250.01,0.0003751141509553364
cat__diag_2_198,0.00037427088328618454
cat__diag_2_571,0.000373729093656299
cat__max_glu_serum_>200,0.0003499601915791035
cat__repaglinide_Steady,0.0003443726851713996
cat__diag_1_296,0.0003432830533171659
cat__diag_1_453,0.00034085907481493853
cat__diag_3_599,0.00033339612845109066
cat__admission_source_id_2,0.0003281945452867234
cat__diag_1_507,0.00032401889321003954
cat__diag_2_584,0.0003185052773071529
cat__diag_2_682,0.000318347439950049
cat__diag_1_584,0.0003009744138421631
cat__diag_2_493,0.0002941643199827461
cat__diag_1_250.03,0.00029231035419447475
cat__diag_1_592,0.0002851547051790499
cat__diag_1_250,0.00027484570931539116
cat__diag_2_425,0.0002729045993734871
cat__diag_2_599,0.00027211828085244
cat__diag_1_599,0.00026978667701543367
cat__diag_1_443,0.00026728818261820297
cat__diag_1_577,0.00026712605545981926
cat__diag_3_250.41,0.0002590586909058355
cat__diag_2_995,0.0002529128103969896
cat__diag_3_V10,0.000251462400804338
cat__diag_3_424,0.0002499877311739437
cat__diag_2_715,0.00024055034792314124
cat__diag_1_562,0.0002386400465463401
cat__diag_2_V10,0.00023588377342028495
cat__diag_3_511,0.0002345769297292063
cat__diag_3_458,0.00023361333200705274
cat__diag_2_162,0.00023327951414490146
cat__acarbose_No,0.00023048220344219628
cat__glyburide_Up,0.0002287352161344593
cat__diag_2_785,0.00022596580056136572
cat__diag_3_784,0.00022586990829575812
cat__diag_3_V58,0.00022506706656530561
cat__diag_2_V43,0.00021914746242623142
cat__diag_1_431,0.0002188240588309676
cat__diag_1_569,0.00021567318741826262
cat__diag_3_413,0.00021519034113352486
cat__diag_2_996,0.00021446844336593126
cat__diag_1_724,0.0002126324248981363
cat__diag_3_786,0.00020884286775428717
cat__diag_3_244,0.0002073982938620516
cat__diag_3_578,0.0002020981509228123
cat__diag_3_453,0.00020030592730660074
cat__diag_1_482,0.00019614381675002384
cat__diag_3_996,0.00019524173411103102
cat__diag_1_654,0.00019501609126766335
cat__diag_2_577,0.00018845474405493716
cat__diag_2_788,0.00018735301243897581
cat__diag_3_250.01,0.00018603259139832377
cat__diag_2_280,0.00018601572219226773
cat__diag_1_415,0.00018392077901721967
cat__glyburide-metformin_No,0.00018349134425196822
cat__diag_2_38,0.00017999728257892008
cat__diag_1_250.41,0.00016888924318934727
cat__race_Other,0.0001649185136797652
cat__nateglinide_Steady,0.000164691087908519
cat__diag_1_540,0.00016097794594314882
cat__diag_2_296,0.00015844185518749238
cat__diag_2_Unknown,0.00015704586001105467
cat__diag_1_250.8,0.00014907441126668216
cat__diag_3_787,0.00014355091822898866
cat__diag_2_426,0.00014319144602911835
cat__diag_1_789,0.0001406086933771353
cat__diag_1_404,0.0001402556647967009
cat__diag_1_8,0.00013972516654716822
cat__diag_2_E888,0.0001394888418514641
cat__diag_1_285,0.00013818221014237224
cat__glipizide_Up,0.00013436712057225626
cat__diag_3_162,0.00013047162814504697
cat__diag_2_295,0.00012901169105636548
cat__diag_2_567,0.000127794863713095
cat__diag_3_342,0.00012714994962252895
cat__diag_3_250.8,0.00012483454154259334
cat__diag_1_560,0.00012055221597165777
cat__diag_3_285,0.00011975805988759281
cat__metformin_Down,0.00011682581055565383
cat__diag_3_305,0.00011586918413285069
cat__diag_2_434,0.00011576628801524456
cat__diag_2_574,0.00011252720261652108
cat__diag_1_566,0.00010744439132353661
cat__diag_1_386,0.0001069331240782595
cat__diag_3_493,0.00010683132928615251
cat__diag_3_V12,0.00010604109537136633
cat__diag_1_198,0.00010594972664969004
cat__glyburide-metformin_Steady,0.00010396308512035748
cat__diag_2_511,0.00010066064996990438
cat__diag_3_404,9.386155810261286e-05
cat__diag_1_402,9.355218994369717e-05
cat__diag_1_424,9.25430150758286e-05
cat__diag_1_730,9.216625290638507e-05
cat__diag_3_560,9.064217356558103e-05
cat__diag_1_444,8.946420135306238e-05
cat__diag_1_998,8.908158804988844e-05
cat__diag_2_560,8.690830853961492e-05
cat__diag_1_707,8.686448178405968e-05
cat__diag_3_596,8.645738773812704e-05
cat__diag_3_584,8.645615025562131e-05
cat__diag_1_250.4,8.296247319663934e-05
cat__diag_3_682,8.10658366394691e-05
cat__diag_3_438,8.017954020983285e-05
cat__diag_1_530,8.002301027258106e-05
cat__diag_1_211,7.940066149784263e-05
cat__diag_1_250.81,7.791078125753474e-05
cat__diag_3_425,7.764318000401357e-05
cat__diag_3_280,7.590855384985868e-05
cat__diag_1_781,7.491748074520934e-05
cat__diag_1_250.2,7.486421128950786e-05
cat__diag_2_789,7.421594223060127e-05
cat__diag_1_185,7.36358626617022e-05
cat__diag_2_424,7.361246635033527e-05
cat__diag_1_401,7.319642743492164e-05
cat__admission_type_id_8,7.310099216714876e-05
cat__diag_3_70,7.050859820251131e-05
cat__diag_1_295,6.94914580496342e-05
cat__diag_3_412,6.880614097487224e-05
cat__diag_3_577,6.68347530370722e-05
cat__diag_2_V45,6.672613445496642e-05
cat__diag_1_535,6.668247376981832e-05
cat__diag_2_250.03,6.641371554860407e-05
cat__diag_3_491,6.61198774599523e-05
cat__admission_source_id_5,6.604309660996108e-05
cat__diag_2_112,6.585707307740858e-05
cat__diag_1_578,6.229812592114835e-05
cat__diag_3_357,6.037517239548047e-05
cat__glipizide_Down,5.7880345413580145e-05
cat__diag_3_799,5.650580037997376e-05
cat__diag_1_438,5.639382426567808e-05
cat__diag_1_436,5.4273189105244105e-05
cat__nateglinide_No,5.378299253755717e-05
cat__diag_2_572,5.3657697310282756e-05
cat__diag_1_411,5.285778316631139e-05
cat__diag_2_412,5.2291759165271016e-05
cat__diag_1_294,5.2234003520259816e-05
cat__diag_2_250.7,5.064221275651672e-05
cat__pioglitazone_Up,5.0246543844322196e-05
cat__diag_1_433,4.9788024298454855e-05
cat__race_Asian,4.9358965301691605e-05
cat__diag_2_41,4.87977672093064e-05
cat__rosiglitazone_Up,4.663150994320043e-05
cat__diag_2_70,4.6171685682154016e-05
cat__diag_3_995,4.494996516209923e-05
cat__diag_3_410,4.488551991676071e-05
cat__diag_1_250.82,4.4758013949722874e-05
cat__diag_2_244,4.4354895730405134e-05
cat__diag_2_404,4.396433731129285e-05
cat__diag_3_466,4.310290958097431e-05
cat__diag_2_410,4.2773023762064106e-05
cat__diag_3_571,4.25653516063441e-05
cat__diag_3_304,4.13872214476304e-05
cat__diag_1_537,4.075103628877244e-05
cat__acarbose_Steady,3.980201590769279e-05
cat__diag_3_530,3.711875571026723e-05
cat__diag_2_197,3.693949452080635e-05
cat__diag_3_411,3.682745069708772e-05
cat__diag_2_569,3.6505977058218915e-05
cat__diag_1_458,3.522084274291972e-05
cat__diag_3_997,3.515477105403824e-05
cat__diag_3_E878,3.50816517134929e-05
cat__diag_2_250.13,3.480864764009573e-05
cat__diag_2_250.92,3.4098855345506525e-05
cat__diag_2_575,3.349044794020409e-05
cat__diag_3_263,3.2949394731837534e-05
cat__diag_2_530,3.154848010317336e-05
cat__diag_2_729,3.108203224112313e-05
cat__diag_2_8,3.078848517134988e-05
cat__diag_3_294,3.019838413074555e-05
cat__diag_3_486,3.0098010523146924e-05
cat__diag_3_287,2.906003468744989e-05
cat__diag_3_284,2.901260713225312e-05
cat__diag_3_112,2.802432846801099e-05
cat__diag_1_531,2.7622680414357013e-05
cat__diag_1_426,2.5803603401217562e-05
cat__diag_1_571,2.4417597693010804e-05
cat__diag_2_553,2.340980033706139e-05
cat__diag_2_V42,2.321653035901607e-05
cat__diag_1_153,2.3037310034587097e-05
cat__glyburide_Down,2.237925364754701e-05
cat__diag_2_578,2.2346442019008732e-05
cat__diag_3_300,2.2208119249395052e-05
cat__diag_2_453,2.1651288886065253e-05
cat__diag_3_327,2.0180202369286987e-05
cat__diag_2_303,2.0116307828246866e-05
cat__diag_3_440,1.9736665005873487e-05
cat__diag_1_162,1.953498712977e-05
cat__diag_1_282,1.887550889927025e-05
cat__diag_2_402,1.8383050460577733e-05
cat__diag_3_562,1.764450112034397e-05
cat__diag_3_250.51,1.556810465543656e-05
cat__diag_3_V15,1.4928949473724092e-05
cat__diag_1_790,1.3978400272282537e-05
cat__glimepiride_Up,1.3584678435863622e-05
cat__glimepiride_Down,1.1934425452895914e-05
cat__diag_3_295,1.1868662554828422e-05
cat__diag_1_466,1.1455243622033355e-05
cat__diag_1_824,1.1304224730211703e-05
cat__diag_3_396,1.08615854308207e-05
cat__diag_1_805,9.380371721635908e-06
cat__diag_2_998,9.26456029539865e-06
cat__diag_3_728,7.14837317898203e-06
cat__diag_2_V85,7.014838096795836e-06
cat__diag_1_812,4.364309534270217e-06
cat__diag_1_552,4.329310402479596e-06
cat__diag_1_821,3.9162758251853875e-06
cat__diag_1_558,3.4762030332170587e-06
cat__diag_3_443,9.308689619517642e-07
cat__diag_3_297,0.0
cat__diag_3_192,0.0
cat__diag_3_191,0.0
cat__diag_3_189,0.0
cat__diag_3_188,0.0
cat__diag_3_185,0.0
cat__diag_3_183,0.0
cat__diag_3_311,0.0
cat__diag_3_182,0.0
cat__diag_3_179,0.0
cat__diag_3_180,0.0
cat__diag_3_161,0.0
cat__diag_3_V44,0.0
cat__diag_3_174,0.0
cat__diag_3_312,0.0
cat__diag_3_173,0.0
cat__diag_3_172,0.0
cat__diag_3_171,0.0
cat__diag_3_170,0.0
cat__diag_3_17,0.0
cat__diag_3_163,0.0
cat__diag_3_310,0.0
cat__diag_3_193,0.0
cat__diag_3_309,0.0
cat__diag_3_196,0.0
cat__diag_3_228,0.0
cat__diag_3_227,0.0
cat__diag_3_V42,0.0
cat__diag_3_226,0.0
cat__diag_3_225,0.0
cat__diag_3_308,0.0
cat__diag_3_223,0.0
cat__diag_3_220,0.0
cat__diag_3_218,0.0
cat__diag_3_217,0.0
cat__diag_3_216,0.0
cat__diag_3_214,0.0
cat__diag_3_211,0.0
cat__diag_3_208,0.0
cat__diag_3_205,0.0
cat__diag_3_204,0.0
cat__diag_3_203,0.0
cat__diag_3_202,0.0
cat__diag_3_201,0.0
cat__diag_3_200,0.0
cat__diag_3_199,0.0
cat__diag_3_198,0.0
cat__diag_3_V43,0.0
cat__diag_3_V46,0.0
cat__diag_3_157,0.0
cat__diag_3_158,0.0
cat__diag_3_235,0.0
cat__diag_3_V65,0.0
cat__diag_3_323,0.0
cat__diag_3_V66,0.0
cat__diag_3_V70,0.0
cat__diag_3_V72,0.0
cat__diag_3_139,0.0
cat__diag_3_331,0.0
cat__diag_3_138,0.0
cat__diag_3_136,0.0
cat__diag_3_135,0.0
cat__diag_3_132,0.0
cat__diag_3_V85,0.0
cat__diag_3_131,0.0
cat__diag_3_123,0.0
cat__diag_3_122,0.0
cat__diag_3_117,0.0
cat__diag_3_V86,0.0
cat__diag_3_115,0.0
cat__diag_3_332,0.0
cat__diag_3_111,0.0
cat__diag_3_333,0.0
cat__diag_3_110,0.0
cat__diag_3_11,0.0
cat__diag_3_V64,0.0
cat__diag_3_14,0.0
cat__diag_3_141,0.0
cat__diag_3_154,0.0
cat__diag_3_313,0.0
cat__diag_3_156,0.0
cat__diag_3_155,0.0
cat__diag_3_V49,0.0
cat__diag_3_314,0.0
cat__diag_3_315,0.0
cat__diag_3_317,0.0
cat__diag_3_318,0.0
cat__diag_3_V53,0.0
cat__diag_3_V54,0.0
cat__diag_3_V55,0.0
cat__diag_3_146,0.0
cat__diag_3_V57,0.0
cat__diag_3_V60,0.0
cat__diag_3_V61,0.0
cat__diag_3_V62,0.0
cat__diag_3_319,0.0
cat__diag_3_V63,0.0
cat__diag_3_153,0.0
cat__diag_3_152,0.0
cat__diag_3_151,0.0
cat__diag_3_150,0.0
cat__diag_3_233,0.0
cat__diag_3_238,0.0
cat__diag_3_307,0.0
cat__diag_3_296,0.0
cat__diag_3_275,0.0
cat__diag_3_274,0.0
cat__diag_3_273,0.0
cat__diag_3_E980,0.0
cat__diag_3_271,0.0
cat__diag_3_270,0.0
cat__diag_3_27,0.0
cat__diag_3_268,0.0
cat__diag_3_266,0.0
cat__diag_3_265,0.0
cat__diag_3_E987,0.0
cat__diag_3_262,0.0
cat__diag_3_V01,0.0
cat__diag_3_261,0.0
cat__diag_3_260,0.0
cat__diag_3_259,0.0
cat__diag_3_V02,0.0
cat__diag_3_258,0.0
cat__diag_3_V03,0.0
cat__diag_3_256,0.0
cat__diag_3_V06,0.0
cat__diag_3_255,0.0
cat__diag_3_253,0.0
cat__diag_3_E966,0.0
cat__diag_3_277,0.0
cat__diag_3_303,0.0
cat__diag_3_E947,0.0
cat__diag_3_298,0.0
cat__diag_3_299,0.0
cat__diag_3_293,0.0
cat__diag_3_E946,0.0
cat__diag_3_292,0.0
cat__diag_3_291,0.0
cat__diag_3_290,0.0
cat__diag_3_289,0.0
cat__diag_3_288,0.0
cat__diag_3_3,0.0
cat__diag_3_E949,0.0
cat__diag_3_E965,0.0
cat__diag_3_286,0.0
cat__diag_3_E950,0.0
cat__diag_3_E945,0.0
cat__diag_3_283,0.0
cat__diag_3_282,0.0
cat__diag_3_281,0.0
cat__diag_3_E955,0.0
cat__diag_3_E956,0.0
cat__diag_3_301,0.0
cat__diag_3_279,0.0
cat__diag_3_E944,0.0
cat__diag_3_252,0.0
cat__diag_3_251,0.0
cat__diag_3_V22,0.0
cat__diag_3_250.23,0.0
cat__diag_3_250.22,0.0
cat__diag_3_250.21,0.0
cat__diag_3_250.2,0.0
cat__diag_2_V86,0.0
cat__diag_3_250.12,0.0
cat__diag_3_250.11,0.0
cat__diag_3_250.1,0.0
cat__diag_3_250.03,0.0
cat__diag_3_306,0.0
cat__diag_3_V23,0.0
cat__diag_3_250.31,0.0
cat__diag_3_V25,0.0
cat__diag_3_246,0.0
cat__diag_3_245,0.0
cat__diag_3_V27,0.0
cat__diag_3_243,0.0
cat__diag_3_242,0.0
cat__diag_3_241,0.0
cat__diag_3_240,0.0
cat__diag_3_E937,0.0
cat__diag_3_239,0.0
cat__diag_3_250.3,0.0
cat__diag_3_V18,0.0
cat__diag_3_V07,0.0
cat__diag_3_E943,0.0
cat__diag_3_250.93,0.0
cat__diag_3_250.92,0.0
cat__diag_3_250.91,0.0
cat__diag_3_250.9,0.0
cat__diag_3_250.83,0.0
cat__diag_3_250.82,0.0
cat__diag_3_250.81,0.0
cat__diag_3_V08,0.0
cat__diag_3_V09,0.0
cat__diag_3_V11,0.0
cat__diag_3_V13,0.0
cat__diag_3_E938,0.0
cat__diag_3_V14,0.0
cat__diag_3_250.53,0.0
cat__diag_3_250.52,0.0
cat__diag_3_E942,0.0
cat__diag_3_250.5,0.0
cat__diag_3_250.43,0.0
cat__diag_3_E941,0.0
cat__diag_3_E939,0.0
cat__diag_3_V16,0.0
cat__diag_3_V17,0.0
cat__diag_3_250.13,0.0
cat__diag_2_V63,0.0
cat__diag_2_V72,0.0
cat__diag_2_922,0.0
cat__glyburide-metformin_Down,0.0
cat__diag_2_920,0.0
cat__diag_2_919,0.0
cat__diag_2_918,0.0
cat__diag_2_917,0.0
cat__diag_2_915,0.0
cat__diag_2_913,0.0
cat__diag_2_912,0.0
cat__diag_2_911,0.0
cat__diag_2_910,0.0
cat__diag_2_909,0.0
cat__diag_2_908,0.0
cat__diag_2_907,0.0
cat__glyburide-metformin_Up,0.0
cat__diag_2_906,0.0
cat__diag_2_905,0.0
cat__diag_2_9,0.0
cat__diag_2_894,0.0
cat__glipizide-metformin_No,0.0
cat__diag_2_892,0.0
cat__diag_2_891,0.0
cat__diag_2_883,0.0
cat__diag_2_882,0.0
cat__diag_2_881,0.0
cat__diag_2_880,0.0
cat__diag_2_921,0.0
cat__diag_2_923,0.0
cat__diag_2_989,0.0
cat__diag_2_924,0.0
cat__diag_2_980,0.0
cat__diag_2_977,0.0
cat__diag_2_975,0.0
cat__examide_No,0.0
cat__diag_2_972,0.0
cat__diag_2_969,0.0
cat__diag_2_968,0.0
cat__diag_2_967,0.0
cat__diag_2_965,0.0
cat__diag_2_962,0.0
cat__diag_2_96,0.0
cat__diag_2_959,0.0
cat__diag_2_958,0.0
cat__diag_2_953,0.0
cat__citoglipton_No,0.0
cat__diag_2_952,0.0
cat__diag_2_948,0.0
cat__diag_2_947,0.0
cat__diag_2_945,0.0
cat__diag_2_944,0.0
cat__diag_2_942,0.0
cat__diag_2_94,0.0
cat__diag_2_934,0.0
cat__diag_2_933,0.0
cat__diag_2_927,0.0
cat__glipizide-metformin_Steady,0.0
cat__diag_2_88,0.0
cat__diag_2_879,0.0
cat__diag_2_873,0.0
cat__diag_2_826,0.0
cat__diag_2_825,0.0
cat__diag_2_824,0.0
cat__diag_2_823,0.0
cat__diag_2_822,0.0
cat__glimepiride-pioglitazone_Steady,0.0
cat__diag_2_821,0.0
cat__diag_2_820,0.0
cat__diag_2_816,0.0
cat__diag_2_815,0.0
cat__metformin-rosiglitazone_No,0.0
cat__metformin-rosiglitazone_Steady,0.0
cat__diag_2_814,0.0
cat__metformin-pioglitazone_No,0.0
cat__metformin-pioglitazone_Steady,0.0
cat__diag_2_813,0.0
cat__diag_2_812,0.0
cat__diag_2_811,0.0
cat__diag_2_810,0.0
cat__diag_2_808,0.0
cat__diag_2_807,0.0
cat__diag_2_806,0.0
cat__diag_2_805,0.0
cat__diag_2_802,0.0
cat__diag_2_801,0.0
cat__diag_2_831,0.0
cat__diag_2_833,0.0
cat__diag_2_836,0.0
cat__diag_2_862,0.0
cat__diag_2_872,0.0
cat__diag_2_871,0.0
cat__diag_2_870,0.0
cat__diag_2_869,0.0
cat__diag_2_868,0.0
cat__diag_2_867,0.0
cat__diag_2_866,0.0
cat__diag_2_865,0.0
cat__diag_2_864,0.0
cat__glimepiride-pioglitazone_No,0.0
cat__diag_2_863,0.0
cat__diag_2_861,0.0
cat__diag_2_837,0.0
cat__diag_2_860,0.0
cat__diag_2_853,0.0
cat__diag_2_852,0.0
cat__diag_2_851,0.0
cat__diag_2_850,0.0
cat__diag_2_847,0.0
cat__diag_2_846,0.0
cat__diag_2_845,0.0
cat__diag_2_844,0.0
cat__diag_2_842,0.0
cat__diag_2_840,0.0
cat__diag_2_987,0.0
cat__diag_2_99,0.0
cat__diag_2_V70,0.0
cat__nateglinide_Up,0.0
cat__chlorpropamide_Down,0.0
cat__diag_2_V11,0.0
cat__chlorpropamide_No,0.0
cat__chlorpropamide_Steady,0.0
cat__diag_2_V09,0.0
cat__diag_2_V08,0.0
cat__diag_2_V03,0.0
cat__chlorpropamide_Up,0.0
cat__diag_2_V02,0.0
cat__diag_2_E968,0.0
cat__diag_2_E965,0.0
cat__diag_2_E950,0.0
cat__diag_2_E947,0.0
cat__diag_2_E945,0.0
cat__diag_2_E944,0.0
cat__acetohexamide_No,0.0
cat__diag_2_E942,0.0
cat__diag_2_E941,0.0
cat__diag_2_E939,0.0
cat__diag_2_E938,0.0
cat__diag_2_E937,0.0
cat__diag_2_E936,0.0
cat__diag_2_E935,0.0
cat__diag_2_E934,0.0
cat__diag_2_E933,0.0
cat__diag_2_V12,0.0
cat__diag_2_V13,0.0
cat__diag_2_990,0.0
cat__diag_2_V14,0.0
cat__diag_2_V69,0.0
cat__diag_2_V66,0.0
cat__diag_2_V65,0.0
cat__diag_2_V64,0.0
cat__diag_3_335,0.0
cat__diag_2_V62,0.0
cat__diag_2_V61,0.0
cat__diag_2_V60,0.0
cat__diag_2_V58,0.0
cat__diag_2_V57,0.0
cat__diag_2_V54,0.0
cat__diag_2_V53,0.0
cat__diag_2_V50,0.0
cat__diag_2_V49,0.0
cat__diag_2_V46,0.0
cat__repaglinide_Down,0.0
cat__diag_2_V44,0.0
cat__repaglinide_Up,0.0
cat__diag_2_V25,0.0
cat__diag_2_V23,0.0
cat__diag_2_V18,0.0
cat__diag_2_V17,0.0
cat__diag_2_V16,0.0
cat__diag_2_V15,0.0
cat__nateglinide_Down,0.0
cat__diag_2_E932,0.0
cat__diag_2_E931,0.0
cat__diag_2_E930,0.0
cat__diag_2_E929,0.0
cat__diag_2_E858,0.0
cat__diag_2_E854,0.0
cat__diag_2_E853,0.0
cat__miglitol_Steady,0.0
cat__miglitol_Up,0.0
cat__diag_2_E850,0.0
cat__diag_2_E849,0.0
cat__diag_2_E829,0.0
cat__diag_2_E826,0.0
cat__diag_2_E821,0.0
cat__diag_2_E819,0.0
cat__diag_2_E818,0.0
cat__diag_2_E817,0.0
cat__diag_2_E816,0.0
cat__diag_2_E814,0.0
cat__troglitazone_No,0.0
cat__diag_2_E813,0.0
cat__diag_2_E812,0.0
cat__diag_2_999,0.0
cat__diag_2_997,0.0
cat__tolazamide_No,0.0
cat__tolazamide_Steady,0.0
cat__tolazamide_Up,0.0
cat__diag_2_992,0.0
cat__diag_2_991,0.0
cat__diag_2_E868,0.0
cat__miglitol_No,0.0
cat__diag_2_E870,0.0
cat__tolbutamide_No,0.0
cat__diag_2_E928,0.0
cat__diag_2_E927,0.0
cat__diag_2_E924,0.0
cat__diag_2_E918,0.0
cat__diag_2_E917,0.0
cat__diag_2_E916,0.0
cat__diag_2_E915,0.0
cat__diag_2_E906,0.0
cat__diag_2_E905,0.0
cat__diag_2_E887,0.0
cat__diag_2_E885,0.0
cat__diag_2_E884,0.0
cat__miglitol_Down,0.0
cat__diag_2_E883,0.0
cat__diag_2_E882,0.0
cat__diag_2_E881,0.0
cat__tolbutamide_Steady,0.0
cat__diag_2_E880,0.0
cat__pioglitazone_Down,0.0
cat__diag_2_E879,0.0
cat__rosiglitazone_Down,0.0
cat__acarbose_Down,0.0
cat__diag_2_E878,0.0
cat__acarbose_Up,0.0
cat__diag_3_334,0.0
cat__diag_3_E934,0.0
cat__diag_3_336,0.0
cat__diag_3_720,0.0
cat__diag_3_718,0.0
cat__diag_3_717,0.0
cat__diag_3_716,0.0
cat__diag_3_715,0.0
cat__diag_3_965,0.0
cat__diag_3_714,0.0
cat__diag_3_713,0.0
cat__diag_3_712,0.0
cat__diag_3_711,0.0
cat__diag_3_710,0.0
cat__diag_3_709,0.0
cat__diag_3_708,0.0
cat__diag_3_966,0.0
cat__diag_3_706,0.0
cat__diag_3_705,0.0
cat__diag_3_704,0.0
cat__diag_3_703,0.0
cat__diag_3_702,0.0
cat__diag_3_701,0.0
cat__diag_3_967,0.0
cat__diag_3_7,0.0
cat__diag_3_698,0.0
cat__diag_3_697,0.0
cat__diag_3_969,0.0
cat__diag_3_696,0.0
cat__diag_3_719,0.0
cat__diag_3_721,0.0
cat__diag_3_970,0.0
cat__diag_3_722,0.0
cat__diag_3_953,0.0
cat__diag_3_747,0.0
cat__diag_3_746,0.0
cat__diag_3_745,0.0
cat__diag_3_742,0.0
cat__diag_3_741,0.0
cat__diag_3_738,0.0
cat__diag_3_956,0.0
cat__diag_3_737,0.0
cat__diag_3_736,0.0
cat__diag_3_735,0.0
cat__diag_3_958,0.0
cat__diag_3_734,0.0
cat__diag_3_959,0.0
cat__diag_3_733,0.0
cat__diag_3_732,0.0
cat__diag_3_731,0.0
cat__diag_3_730,0.0
cat__diag_3_729,0.0
cat__diag_3_962,0.0
cat__diag_3_727,0.0
cat__diag_3_726,0.0
cat__diag_3_725,0.0
cat__diag_3_724,0.0
cat__diag_3_723,0.0
cat__diag_3_695,0.0
cat__diag_3_694,0.0
cat__diag_3_337,0.0
cat__diag_3_649,0.0
cat__diag_3_647,0.0
cat__diag_3_646,0.0
cat__diag_3_644,0.0
cat__diag_3_989,0.0
cat__diag_3_643,0.0
cat__diag_3_642,0.0
cat__diag_3_641,0.0
cat__diag_3_627,0.0
cat__diag_3_626,0.0
cat__diag_3_991,0.0
cat__diag_3_625,0.0
cat__diag_3_624,0.0
cat__diag_3_623,0.0
cat__diag_3_622,0.0
cat__diag_3_621,0.0
cat__diag_3_620,0.0
cat__diag_3_992,0.0
cat__diag_3_619,0.0
cat__diag_3_998,0.0
cat__diag_3_618,0.0
cat__diag_3_617,0.0
cat__diag_3_616,0.0
cat__diag_3_614,0.0
cat__diag_3_611,0.0
cat__diag_3_999,0.0
cat__diag_3_648,0.0
cat__diag_3_652,0.0
cat__diag_3_693,0.0
cat__diag_3_653,0.0
cat__diag_3_692,0.0
cat__diag_3_690,0.0
cat__diag_3_686,0.0
cat__diag_3_685,0.0
cat__diag_3_684,0.0
cat__diag_3_980,0.0
cat__diag_3_681,0.0
cat__diag_3_680,0.0
cat__diag_3_674,0.0
cat__diag_3_671,0.0
cat__diag_3_670,0.0
cat__diag_3_669,0.0
cat__diag_3_665,0.0
cat__diag_3_664,0.0
cat__diag_3_987,0.0
cat__diag_3_663,0.0
cat__diag_3_661,0.0
cat__diag_3_660,0.0
cat__diag_3_66,0.0
cat__diag_3_659,0.0
cat__diag_3_658,0.0
cat__diag_3_657,0.0
cat__diag_3_656,0.0
cat__diag_3_655,0.0
cat__diag_3_654,0.0
cat__diag_3_952,0.0
cat__diag_3_75,0.0
cat__diag_3_750,0.0
cat__diag_3_862,0.0
cat__diag_3_860,0.0
cat__diag_3_854,0.0
cat__diag_3_853,0.0
cat__diag_3_852,0.0
cat__diag_3_851,0.0
cat__diag_3_850,0.0
cat__diag_3_848,0.0
cat__diag_3_847,0.0
cat__diag_3_845,0.0
cat__diag_3_844,0.0
cat__diag_3_842,0.0
cat__diag_3_841,0.0
cat__diag_3_840,0.0
cat__diag_3_837,0.0
cat__diag_3_836,0.0
cat__diag_3_912,0.0
cat__diag_3_834,0.0
cat__diag_3_831,0.0
cat__diag_3_913,0.0
cat__diag_3_826,0.0
cat__diag_3_825,0.0
cat__diag_3_824,0.0
cat__diag_3_915,0.0
cat__diag_3_823,0.0
cat__diag_3_916,0.0
cat__diag_3_861,0.0
cat__diag_3_911,0.0
cat__diag_3_951,0.0
cat__diag_3_863,0.0
cat__diag_3_883,0.0
cat__diag_3_882,0.0
cat__diag_3_890,0.0
cat__diag_3_881,0.0
cat__diag_3_891,0.0
cat__diag_3_892,0.0
cat__diag_3_9,0.0
cat__diag_3_905,0.0
cat__diag_3_88,0.0
cat__diag_3_906,0.0
cat__diag_3_907,0.0
cat__diag_3_879,0.0
cat__diag_3_877,0.0
cat__diag_3_908,0.0
cat__diag_3_909,0.0
cat__diag_3_876,0.0
cat__diag_3_873,0.0
cat__diag_3_872,0.0
cat__diag_3_870,0.0
cat__diag_3_868,0.0
cat__diag_3_867,0.0
cat__diag_3_910,0.0
cat__diag_3_866,0.0
cat__diag_3_865,0.0
cat__diag_3_864,0.0
cat__diag_3_822,0.0
cat__diag_3_821,0.0
cat__diag_3_820,0.0
cat__diag_3_816,0.0
cat__diag_3_923,0.0
cat__diag_3_924,0.0
cat__diag_3_928,0.0
cat__diag_3_930,0.0
cat__diag_3_933,0.0
cat__diag_3_934,0.0
cat__diag_3_783,0.0
cat__diag_3_782,0.0
cat__diag_3_781,0.0
cat__diag_3_935,0.0
cat__diag_3_78,0.0
cat__diag_3_759,0.0
cat__diag_3_758,0.0
cat__diag_3_94,0.0
cat__diag_3_943,0.0
cat__diag_3_757,0.0
cat__diag_3_756,0.0
cat__diag_3_944,0.0
cat__diag_3_755,0.0
cat__diag_3_754,0.0
cat__diag_3_945,0.0
cat__diag_3_753,0.0
cat__diag_3_752,0.0
cat__diag_3_948,0.0
cat__diag_3_751,0.0
cat__diag_3_922,0.0
cat__diag_3_788,0.0
cat__diag_3_921,0.0
cat__diag_3_800,0.0
cat__diag_3_815,0.0
cat__diag_3_814,0.0
cat__diag_3_813,0.0
cat__diag_3_917,0.0
cat__diag_3_812,0.0
cat__diag_3_810,0.0
cat__diag_3_808,0.0
cat__diag_3_807,0.0
cat__diag_3_805,0.0
cat__diag_3_802,0.0
cat__diag_3_801,0.0
cat__diag_3_918,0.0
cat__diag_3_920,0.0
cat__diag_3_8,0.0
cat__diag_3_919,0.0
cat__diag_3_797,0.0
cat__diag_3_796,0.0
cat__diag_3_795,0.0
cat__diag_3_794,0.0
cat__diag_3_793,0.0
cat__diag_3_792,0.0
cat__diag_3_791,0.0
cat__diag_3_790,0.0
cat__diag_3_79,0.0
cat__diag_3_610,0.0
cat__diag_3_608,0.0
cat__diag_3_607,0.0
cat__diag_3_E887,0.0
cat__diag_3_426,0.0
cat__diag_3_E894,0.0
cat__diag_3_E900,0.0
cat__diag_3_423,0.0
cat__diag_3_421,0.0
cat__diag_3_420,0.0
cat__diag_3_42,0.0
cat__diag_3_417,0.0
cat__diag_3_416,0.0
cat__diag_3_415,0.0
cat__diag_3_E901,0.0
cat__diag_3_E904,0.0
cat__diag_3_E905,0.0
cat__diag_3_E906,0.0
cat__diag_3_E915,0.0
cat__diag_3_E916,0.0
cat__diag_3_E917,0.0
cat__diag_3_E919,0.0
cat__diag_3_E920,0.0
cat__diag_3_405,0.0
cat__diag_3_E922,0.0
cat__diag_3_E924,0.0
cat__diag_3_E927,0.0
cat__diag_3_E928,0.0
cat__diag_3_398,0.0
cat__diag_3_E888,0.0
cat__diag_3_429,0.0
cat__diag_3_462,0.0
cat__diag_3_430,0.0
cat__diag_3_460,0.0
cat__diag_3_459,0.0
cat__diag_3_E884,0.0
cat__diag_3_457,0.0
cat__diag_3_456,0.0
cat__diag_3_455,0.0
cat__diag_3_454,0.0
cat__diag_3_E885,0.0
cat__diag_3_452,0.0
cat__diag_3_451,0.0
cat__diag_3_448,0.0
cat__diag_3_447,0.0
cat__diag_3_446,0.0
cat__diag_3_445,0.0
cat__diag_3_444,0.0
cat__diag_3_442,0.0
cat__diag_3_441,0.0
cat__diag_3_E886,0.0
cat__diag_3_437,0.0
cat__diag_3_436,0.0
cat__diag_3_435,0.0
cat__diag_3_434,0.0
cat__diag_3_433,0.0
cat__diag_3_432,0.0
cat__diag_3_431,0.0
cat__diag_3_397,0.0
cat__diag_3_394,0.0
cat__diag_3_E929,0.0
cat__diag_3_391,0.0
cat__diag_3_360,0.0
cat__diag_3_359,0.0
cat__diag_3_358,0.0
cat__diag_3_E932,0.0
cat__diag_3_356,0.0
cat__diag_3_355,0.0
cat__diag_3_354,0.0
cat__diag_3_353,0.0
cat__diag_3_351,0.0
cat__diag_3_350,0.0
cat__diag_3_35,0.0
cat__diag_3_349,0.0
cat__diag_3_348,0.0
cat__diag_3_347,0.0
cat__diag_3_346,0.0
cat__diag_3_345,0.0
cat__diag_3_344,0.0
cat__diag_3_E933,0.0
cat__diag_3_884,0.0
cat__diag_3_343,0.0
cat__diag_3_E935,0.0
cat__diag_3_340,0.0
cat__diag_3_E936,0.0
cat__diag_3_34,0.0
cat__diag_3_338,0.0
cat__diag_3_E931,0.0
cat__diag_3_361,0.0
cat__diag_3_362,0.0
cat__diag_3_38,0.0
cat__diag_3_389,0.0
cat__diag_3_388,0.0
cat__diag_3_387,0.0
cat__diag_3_386,0.0
cat__diag_3_385,0.0
cat__diag_3_384,0.0
cat__diag_3_383,0.0
cat__diag_3_382,0.0
cat__diag_3_E930,0.0
cat__diag_3_381,0.0
cat__diag_3_380,0.0
cat__diag_3_379,0.0
cat__diag_3_365,0.0
cat__diag_3_378,0.0
cat__diag_3_377,0.0
cat__diag_3_376,0.0
cat__diag_3_374,0.0
cat__diag_3_373,0.0
cat__diag_3_372,0.0
cat__diag_3_370,0.0
cat__diag_3_369,0.0
cat__diag_3_368,0.0
cat__diag_3_366,0.0
cat__diag_3_365.44,0.0
cat__diag_3_461,0.0
cat__diag_3_463,0.0
cat__diag_3_605,0.0
cat__diag_3_580,0.0
cat__diag_3_E850,0.0
cat__diag_3_E852,0.0
cat__diag_3_576,0.0
cat__diag_3_E854,0.0
cat__diag_3_575,0.0
cat__diag_3_574,0.0
cat__diag_3_573,0.0
cat__diag_3_572,0.0
cat__diag_3_E855,0.0
cat__diag_3_570,0.0
cat__diag_3_57,0.0
cat__diag_3_569,0.0
cat__diag_3_568,0.0
cat__diag_3_567,0.0
cat__diag_3_566,0.0
cat__diag_3_565,0.0
cat__diag_3_564,0.0
cat__diag_3_E858,0.0
cat__diag_3_E861,0.0
cat__diag_3_558,0.0
cat__diag_3_557,0.0
cat__diag_3_556,0.0
cat__diag_3_555,0.0
cat__diag_3_E864,0.0
cat__diag_3_552,0.0
cat__diag_3_579,0.0
cat__diag_3_E849,0.0
cat__diag_3_464,0.0
cat__diag_3_582,0.0
cat__diag_3_604,0.0
cat__diag_3_603,0.0
cat__diag_3_602,0.0
cat__diag_3_601,0.0
cat__diag_3_600,0.0
cat__diag_3_E812,0.0
cat__diag_3_598,0.0
cat__diag_3_597,0.0
cat__diag_3_E813,0.0
cat__diag_3_595,0.0
cat__diag_3_594,0.0
cat__diag_3_593,0.0
cat__diag_3_592,0.0
cat__diag_3_E816,0.0
cat__diag_3_E817,0.0
cat__diag_3_591,0.0
cat__diag_3_590,0.0
cat__diag_3_588,0.0
cat__diag_3_586,0.0
cat__diag_3_E818,0.0
cat__diag_3_E819,0.0
cat__diag_3_E822,0.0
cat__diag_3_E826,0.0
cat__diag_3_E828,0.0
cat__diag_3_583,0.0
cat__diag_3_550,0.0
cat__diag_3_543,0.0
cat__diag_3_540,0.0
cat__diag_3_54,0.0
cat__diag_3_506,0.0
cat__diag_3_501,0.0
cat__diag_3_500,0.0
cat__diag_3_5,0.0
cat__diag_3_E880,0.0
cat__diag_3_495,0.0
cat__diag_3_494,0.0
cat__diag_3_E881,0.0
cat__diag_3_492,0.0
cat__diag_3_E882,0.0
cat__diag_3_490,0.0
cat__diag_3_49,0.0
cat__diag_3_487,0.0
cat__diag_3_485,0.0
cat__diag_3_482,0.0
cat__diag_3_481,0.0
cat__diag_3_480,0.0
cat__diag_3_478,0.0
cat__diag_3_477,0.0
cat__diag_3_475,0.0
cat__diag_3_473,0.0
cat__diag_3_472,0.0
cat__diag_3_470,0.0
cat__diag_3_E883,0.0
cat__diag_3_465,0.0
cat__diag_3_507,0.0
cat__diag_3_508,0.0
cat__diag_3_510,0.0
cat__diag_3_528,0.0
cat__diag_3_538,0.0
cat__diag_3_537,0.0
cat__diag_3_E865,0.0
cat__diag_2_800,0.0
cat__diag_3_534,0.0
cat__diag_3_533,0.0
cat__diag_3_532,0.0
cat__diag_3_531,0.0
cat__diag_3_E870,0.0
cat__diag_3_53,0.0
cat__diag_3_529,0.0
cat__diag_3_527,0.0
cat__diag_3_E879,0.0
cat__diag_3_525,0.0
cat__diag_3_523,0.0
cat__diag_3_522,0.0
cat__diag_3_521,0.0
cat__diag_3_519,0.0
cat__diag_3_E876,0.0
cat__diag_3_517,0.0
cat__diag_3_516,0.0
cat__diag_3_515,0.0
cat__diag_3_514,0.0
cat__diag_3_512,0.0
cat__diag_3_535,0.0
cat__diag_2_622,0.0
cat__diag_2_799,0.0
cat__diag_1_603,0.0
cat__diag_1_601,0.0
cat__diag_1_600,0.0
cat__diag_1_598,0.0
cat__diag_1_596,0.0
cat__diag_1_595,0.0
cat__diag_1_594,0.0
cat__diag_1_593,0.0
cat__diag_1_591,0.0
cat__diag_1_588,0.0
cat__diag_1_586,0.0
cat__diag_1_585,0.0
cat__diag_1_583,0.0
cat__diag_1_582,0.0
cat__diag_1_581,0.0
cat__diag_1_580,0.0
cat__diag_1_58,0.0
cat__diag_1_579,0.0
cat__diag_1_576,0.0
cat__diag_1_575,0.0
cat__diag_1_573,0.0
cat__diag_1_570,0.0
cat__diag_1_57,0.0
cat__diag_1_568,0.0
cat__diag_1_567,0.0
cat__diag_1_565,0.0
cat__diag_1_564,0.0
cat__diag_1_557,0.0
cat__diag_1_556,0.0
cat__diag_1_555,0.0
cat__diag_1_602,0.0
cat__diag_1_604,0.0
cat__diag_1_657,0.0
cat__diag_1_607,0.0
cat__diag_1_655,0.0
cat__diag_1_653,0.0
cat__diag_1_652,0.0
cat__diag_1_647,0.0
cat__diag_1_646,0.0
cat__diag_1_644,0.0
cat__diag_1_643,0.0
cat__diag_1_642,0.0
cat__diag_1_641,0.0
cat__diag_1_637,0.0
cat__diag_1_634,0.0
cat__diag_1_633,0.0
cat__diag_1_632,0.0
cat__diag_1_627,0.0
cat__diag_1_626,0.0
cat__diag_1_625,0.0
cat__diag_1_623,0.0
cat__diag_1_622,0.0
cat__diag_1_621,0.0
cat__diag_1_620,0.0
cat__diag_1_619,0.0
cat__diag_1_617,0.0
cat__diag_1_616,0.0
cat__diag_1_615,0.0
cat__diag_1_614,0.0
cat__diag_1_611,0.0
cat__diag_1_610,0.0
cat__diag_1_61,0.0
cat__diag_1_608,0.0
cat__diag_1_553,0.0
cat__diag_1_551,0.0
cat__diag_1_550,0.0
cat__diag_1_542,0.0
cat__diag_1_492,0.0
cat__diag_1_490,0.0
cat__diag_1_49,0.0
cat__diag_1_487,0.0
cat__diag_1_485,0.0
cat__diag_1_483,0.0
cat__diag_1_481,0.0
cat__diag_1_480,0.0
cat__diag_1_48,0.0
cat__diag_1_478,0.0
cat__diag_1_477,0.0
cat__diag_1_475,0.0
cat__diag_1_474,0.0
cat__diag_1_473,0.0
cat__diag_1_471,0.0
cat__diag_1_470,0.0
cat__diag_1_47,0.0
cat__diag_1_465,0.0
cat__diag_1_464,0.0
cat__diag_1_463,0.0
cat__diag_1_462,0.0
cat__diag_1_461,0.0
cat__diag_1_459,0.0
cat__diag_1_457,0.0
cat__diag_1_456,0.0
cat__diag_1_455,0.0
cat__diag_1_454,0.0
cat__diag_1_452,0.0
cat__diag_1_451,0.0
cat__diag_1_494,0.0
cat__diag_1_495,0.0
cat__diag_1_496,0.0
cat__diag_1_522,0.0
cat__diag_1_541,0.0
cat__diag_1_54,0.0
cat__diag_1_536,0.0
cat__diag_1_534,0.0
cat__diag_1_533,0.0
cat__diag_1_532,0.0
cat__diag_1_53,0.0
cat__diag_1_529,0.0
cat__diag_1_528,0.0
cat__diag_1_527,0.0
cat__diag_1_526,0.0
cat__diag_1_524,0.0
cat__diag_1_523,0.0
cat__diag_1_521,0.0
cat__diag_1_5,0.0
cat__diag_1_52,0.0
cat__diag_1_519,0.0
cat__diag_1_516,0.0
cat__diag_1_515,0.0
cat__diag_1_514,0.0
cat__diag_1_513,0.0
cat__diag_1_512,0.0
cat__diag_1_511,0.0
cat__diag_1_510,0.0
cat__diag_1_508,0.0
cat__diag_1_506,0.0
cat__diag_1_501,0.0
cat__diag_1_500,0.0
cat__diag_1_656,0.0
cat__diag_1_658,0.0
cat__diag_2_797,0.0
cat__diag_1_827,0.0
cat__diag_1_825,0.0
cat__diag_1_823,0.0
cat__diag_1_822,0.0
cat__diag_1_82,0.0
cat__diag_1_817,0.0
cat__diag_1_816,0.0
cat__diag_1_815,0.0
cat__diag_1_814,0.0
cat__diag_1_813,0.0
cat__diag_1_810,0.0
cat__diag_1_808,0.0
cat__diag_1_807,0.0
cat__diag_1_806,0.0
cat__diag_1_804,0.0
cat__diag_1_803,0.0
cat__diag_1_802,0.0
cat__diag_1_801,0.0
cat__diag_1_800,0.0
cat__diag_1_799,0.0
cat__diag_1_797,0.0
cat__diag_1_796,0.0
cat__diag_1_795,0.0
cat__diag_1_794,0.0
cat__diag_1_793,0.0
cat__diag_1_792,0.0
cat__diag_1_791,0.0
cat__diag_1_79,0.0
cat__diag_1_788,0.0
cat__diag_1_785,0.0
cat__diag_1_826,0.0
cat__diag_1_831,0.0
cat__diag_1_659,0.0
cat__diag_1_832,0.0
cat__diag_1_870,0.0
cat__diag_1_868,0.0
cat__diag_1_867,0.0
cat__diag_1_866,0.0
cat__diag_1_865,0.0
cat__diag_1_864,0.0
cat__diag_1_863,0.0
cat__diag_1_862,0.0
cat__diag_1_861,0.0
cat__diag_1_860,0.0
cat__diag_1_854,0.0
cat__diag_1_853,0.0
cat__diag_1_852,0.0
cat__diag_1_851,0.0
cat__diag_1_850,0.0
cat__diag_1_848,0.0
cat__diag_1_847,0.0
cat__diag_1_846,0.0
cat__diag_1_845,0.0
cat__diag_1_844,0.0
cat__diag_1_843,0.0
cat__diag_1_842,0.0
cat__diag_1_840,0.0
cat__diag_1_84,0.0
cat__diag_1_839,0.0
cat__diag_1_838,0.0
cat__diag_1_837,0.0
cat__diag_1_836,0.0
cat__diag_1_835,0.0
cat__diag_1_784,0.0
cat__diag_1_783,0.0
cat__diag_1_782,0.0
cat__diag_1_78,0.0
cat__diag_1_708,0.0
cat__diag_1_706,0.0
cat__diag_1_705,0.0
cat__diag_1_704,0.0
cat__diag_1_703,0.0
cat__diag_1_700,0.0
cat__diag_1_70,0.0
cat__diag_1_7,0.0
cat__diag_1_696,0.0
cat__diag_1_695,0.0
cat__diag_1_694,0.0
cat__diag_1_693,0.0
cat__diag_1_692,0.0
cat__diag_1_691,0.0
cat__diag_1_686,0.0
cat__diag_1_685,0.0
cat__diag_1_684,0.0
cat__diag_1_683,0.0
cat__diag_1_681,0.0
cat__diag_1_680,0.0
cat__diag_1_674,0.0
cat__diag_1_671,0.0
cat__diag_1_669,0.0
cat__diag_1_665,0.0
cat__diag_1_664,0.0
cat__diag_1_663,0.0
cat__diag_1_661,0.0
cat__diag_1_660,0.0
cat__diag_1_66,0.0
cat__diag_1_709,0.0
cat__diag_1_710,0.0
cat__diag_1_711,0.0
cat__diag_1_733,0.0
cat__diag_1_759,0.0
cat__diag_1_756,0.0
cat__diag_1_753,0.0
cat__diag_1_751,0.0
cat__diag_1_75,0.0
cat__diag_1_747,0.0
cat__diag_1_746,0.0
cat__diag_1_745,0.0
cat__diag_1_738,0.0
cat__diag_1_737,0.0
cat__diag_1_736,0.0
cat__diag_1_735,0.0
cat__diag_1_734,0.0
cat__diag_1_732,0.0
cat__diag_1_714,0.0
cat__diag_1_731,0.0
cat__diag_1_729,0.0
cat__diag_1_728,0.0
cat__diag_1_727,0.0
cat__diag_1_726,0.0
cat__diag_1_725,0.0
cat__diag_1_723,0.0
cat__diag_1_721,0.0
cat__diag_1_720,0.0
cat__diag_1_719,0.0
cat__diag_1_718,0.0
cat__diag_1_717,0.0
cat__diag_1_716,0.0
cat__diag_1_448,0.0
cat__diag_1_447,0.0
cat__diag_1_446,0.0
cat__diag_1_229,0.0
cat__diag_1_227,0.0
cat__diag_1_226,0.0
cat__diag_1_225,0.0
cat__diag_1_223,0.0
cat__diag_1_220,0.0
cat__diag_1_219,0.0
cat__diag_1_217,0.0
cat__diag_1_216,0.0
cat__diag_1_215,0.0
cat__diag_1_214,0.0
cat__diag_1_212,0.0
cat__diag_1_210,0.0
cat__diag_1_208,0.0
cat__diag_1_207,0.0
cat__diag_1_205,0.0
cat__diag_1_204,0.0
cat__diag_1_203,0.0
cat__diag_1_202,0.0
cat__diag_1_201,0.0
cat__diag_1_200,0.0
cat__diag_1_199,0.0
cat__diag_1_197,0.0
cat__diag_1_196,0.0
cat__diag_1_195,0.0
cat__diag_1_194,0.0
cat__diag_1_193,0.0
cat__diag_1_192,0.0
cat__diag_1_191,0.0
cat__diag_1_189,0.0
cat__diag_1_228,0.0
cat__diag_1_23,0.0
cat__diag_1_445,0.0
cat__diag_1_230,0.0
cat__diag_1_250.9,0.0
cat__diag_1_250.83,0.0
cat__diag_1_250.53,0.0
cat__diag_1_250.52,0.0
cat__diag_1_250.51,0.0
cat__diag_1_250.5,0.0
cat__diag_1_250.43,0.0
cat__diag_1_250.42,0.0
cat__diag_1_250.33,0.0
cat__diag_1_250.32,0.0
cat__diag_1_250.31,0.0
cat__diag_1_250.3,0.0
cat__diag_1_250.23,0.0
cat__diag_1_250.22,0.0
cat__diag_1_250.21,0.0
cat__diag_1_250.1,0.0
cat__diag_1_250.01,0.0
cat__diag_1_246,0.0
cat__diag_1_245,0.0
cat__diag_1_244,0.0
cat__diag_1_242,0.0
cat__diag_1_241,0.0
cat__diag_1_240,0.0
cat__diag_1_239,0.0
cat__diag_1_238,0.0
cat__diag_1_237,0.0
cat__diag_1_236,0.0
cat__diag_1_235,0.0
cat__diag_1_233,0.0
cat__diag_1_188,0.0
cat__diag_1_187,0.0
cat__diag_1_184,0.0
cat__diag_1_183,0.0
cat__diag_1_117,0.0
cat__diag_1_115,0.0
cat__diag_1_114,0.0
cat__diag_1_112,0.0
cat__diag_1_110,0.0
cat__diag_1_11,0.0
cat__diag_1_10,0.0
cat__admission_source_id_25,0.0
cat__admission_source_id_22,0.0
cat__admission_source_id_20,0.0
cat__admission_source_id_14,0.0
cat__admission_source_id_11,0.0
cat__admission_source_id_10,0.0
cat__admission_source_id_9,0.0
cat__admission_source_id_8,0.0
cat__admission_source_id_3,0.0
cat__discharge_disposition_id_27,0.0
cat__discharge_disposition_id_24,0.0
cat__discharge_disposition_id_20,0.0
cat__discharge_disposition_id_19,0.0
cat__discharge_disposition_id_17,0.0
cat__discharge_disposition_id_16,0.0
cat__discharge_disposition_id_12,0.0
cat__gender_Unknown/Invalid,0.0
cat__discharge_disposition_id_10,0.0
cat__discharge_disposition_id_9,0.0
cat__discharge_disposition_id_8,0.0
cat__admission_type_id_7,0.0
cat__admission_type_id_4,0.0
cat__diag_1_131,0.0
cat__diag_1_133,0.0
cat__diag_1_135,0.0
cat__diag_1_158,0.0
cat__diag_1_182,0.0
cat__diag_1_180,0.0
cat__diag_1_179,0.0
cat__diag_1_175,0.0
cat__diag_1_174,0.0
cat__diag_1_173,0.0
cat__diag_1_172,0.0
cat__diag_1_171,0.0
cat__diag_1_170,0.0
cat__diag_1_164,0.0
cat__diag_1_163,0.0
cat__diag_1_161,0.0
cat__diag_1_160,0.0
cat__diag_1_157,0.0
cat__diag_1_136,0.0
cat__diag_1_156,0.0
cat__diag_1_155,0.0
cat__diag_1_154,0.0
cat__diag_1_152,0.0
cat__diag_1_151,0.0
cat__diag_1_150,0.0
cat__diag_1_149,0.0
cat__diag_1_148,0.0
cat__diag_1_147,0.0
cat__diag_1_146,0.0
cat__diag_1_143,0.0
cat__diag_1_142,0.0
cat__diag_1_141,0.0
cat__diag_1_250.91,0.0
cat__diag_1_250.92,0.0
cat__diag_1_250.93,0.0
cat__diag_1_346,0.0
cat__diag_1_379,0.0
cat__diag_1_378,0.0
cat__diag_1_377,0.0
cat__diag_1_376,0.0
cat__diag_1_375,0.0
cat__diag_1_374,0.0
cat__diag_1_372,0.0
cat__diag_1_370,0.0
cat__diag_1_369,0.0
cat__diag_1_368,0.0
cat__diag_1_365,0.0
cat__diag_1_363,0.0
cat__diag_1_362,0.0
cat__diag_1_361,0.0
cat__diag_1_360,0.0
cat__diag_1_36,0.0
cat__diag_1_359,0.0
cat__diag_1_358,0.0
cat__diag_1_357,0.0
cat__diag_1_356,0.0
cat__diag_1_355,0.0
cat__diag_1_354,0.0
cat__diag_1_353,0.0
cat__diag_1_352,0.0
cat__diag_1_351,0.0
cat__diag_1_350,0.0
cat__diag_1_35,0.0
cat__diag_1_349,0.0
cat__diag_1_348,0.0
cat__diag_1_380,0.0
cat__diag_1_381,0.0
cat__diag_1_382,0.0
cat__diag_1_416,0.0
cat__diag_1_442,0.0
cat__diag_1_441,0.0
cat__diag_1_437,0.0
cat__diag_1_432,0.0
cat__diag_1_430,0.0
cat__diag_1_429,0.0
cat__diag_1_425,0.0
cat__diag_1_423,0.0
cat__diag_1_422,0.0
cat__diag_1_421,0.0
cat__diag_1_420,0.0
cat__diag_1_42,0.0
cat__diag_1_417,0.0
cat__diag_1_413,0.0
cat__diag_1_383,0.0
cat__diag_1_412,0.0
cat__diag_1_41,0.0
cat__diag_1_405,0.0
cat__diag_1_398,0.0
cat__diag_1_397,0.0
cat__diag_1_396,0.0
cat__diag_1_395,0.0
cat__diag_1_394,0.0
cat__diag_1_39,0.0
cat__diag_1_389,0.0
cat__diag_1_388,0.0
cat__diag_1_385,0.0
cat__diag_1_384,0.0
cat__diag_1_347,0.0
cat__diag_1_345,0.0
cat__diag_1_251,0.0
cat__diag_1_344,0.0
cat__diag_1_298,0.0
cat__diag_1_297,0.0
cat__diag_1_293,0.0
cat__diag_1_292,0.0
cat__diag_1_291,0.0
cat__diag_1_290,0.0
cat__diag_1_289,0.0
cat__diag_1_288,0.0
cat__diag_1_287,0.0
cat__diag_1_286,0.0
cat__diag_1_284,0.0
cat__diag_1_283,0.0
cat__diag_1_281,0.0
cat__diag_1_280,0.0
cat__diag_1_279,0.0
cat__diag_1_277,0.0
cat__diag_1_275,0.0
cat__diag_1_274,0.0
cat__diag_1_273,0.0
cat__diag_1_272,0.0
cat__diag_1_271,0.0
cat__diag_1_27,0.0
cat__diag_1_266,0.0
cat__diag_1_263,0.0
cat__diag_1_262,0.0
cat__diag_1_261,0.0
cat__diag_1_255,0.0
cat__diag_1_253,0.0
cat__diag_1_252,0.0
cat__diag_1_3,0.0
cat__diag_1_300,0.0
cat__diag_1_301,0.0
cat__diag_1_324,0.0
cat__diag_1_342,0.0
cat__diag_1_341,0.0
cat__diag_1_340,0.0
cat__diag_1_34,0.0
cat__diag_1_338,0.0
cat__diag_1_337,0.0
cat__diag_1_336,0.0
cat__diag_1_335,0.0
cat__diag_1_333,0.0
cat__diag_1_332,0.0
cat__diag_1_331,0.0
cat__diag_1_327,0.0
cat__diag_1_325,0.0
cat__diag_1_323,0.0
cat__diag_1_303,0.0
cat__diag_1_320,0.0
cat__diag_1_318,0.0
cat__diag_1_314,0.0
cat__diag_1_312,0.0
cat__diag_1_311,0.0
cat__diag_1_310,0.0
cat__diag_1_31,0.0
cat__diag_1_309,0.0
cat__diag_1_308,0.0
cat__diag_1_307,0.0
cat__diag_1_306,0.0
cat__diag_1_305,0.0
cat__diag_1_304,0.0
cat__diag_1_871,0.0
cat__diag_1_873,0.0
cat__diag_1_875,0.0
cat__diag_2_513,0.0
cat__diag_2_510,0.0
cat__diag_2_508,0.0
cat__diag_2_501,0.0
cat__diag_2_500,0.0
cat__diag_2_5,0.0
cat__diag_2_495,0.0
cat__diag_2_494,0.0
cat__diag_2_492,0.0
cat__diag_2_490,0.0
cat__diag_2_487,0.0
cat__diag_2_485,0.0
cat__diag_2_484,0.0
cat__diag_2_483,0.0
cat__diag_2_482,0.0
cat__diag_2_481,0.0
cat__diag_2_480,0.0
cat__diag_2_478,0.0
cat__diag_2_477,0.0
cat__diag_2_475,0.0
cat__diag_2_474,0.0
cat__diag_2_473,0.0
cat__diag_2_472,0.0
cat__diag_2_470,0.0
cat__diag_2_466,0.0
cat__diag_2_465,0.0
cat__diag_2_463,0.0
cat__diag_2_462,0.0
cat__diag_2_461,0.0
cat__diag_2_460,0.0
cat__diag_2_512,0.0
cat__diag_2_514,0.0
cat__diag_2_350,0.0
cat__diag_2_515,0.0
cat__diag_2_564,0.0
cat__diag_2_562,0.0
cat__diag_2_558,0.0
cat__diag_2_557,0.0
cat__diag_2_556,0.0
cat__diag_2_555,0.0
cat__diag_2_552,0.0
cat__diag_2_550,0.0
cat__diag_2_542,0.0
cat__diag_2_540,0.0
cat__diag_2_54,0.0
cat__diag_2_537,0.0
cat__diag_2_535,0.0
cat__diag_2_534,0.0
cat__diag_2_533,0.0
cat__diag_2_532,0.0
cat__diag_2_531,0.0
cat__diag_2_53,0.0
cat__diag_2_529,0.0
cat__diag_2_528,0.0
cat__diag_2_527,0.0
cat__diag_2_524,0.0
cat__diag_2_523,0.0
cat__diag_2_522,0.0
cat__diag_2_521,0.0
cat__diag_2_52,0.0
cat__diag_2_519,0.0
cat__diag_2_517,0.0
cat__diag_2_516,0.0
cat__diag_2_459,0.0
cat__diag_2_458,0.0
cat__diag_2_457,0.0
cat__diag_2_456,0.0
cat__diag_2_395,0.0
cat__diag_2_394,0.0
cat__diag_2_389,0.0
cat__diag_2_388,0.0
cat__diag_2_386,0.0
cat__diag_2_383,0.0
cat__diag_2_382,0.0
cat__diag_2_381,0.0
cat__diag_2_380,0.0
cat__diag_2_379,0.0
cat__diag_2_378,0.0
cat__diag_2_377,0.0
cat__diag_2_376,0.0
cat__diag_2_373,0.0
cat__diag_2_372,0.0
cat__diag_2_369,0.0
cat__diag_2_368,0.0
cat__diag_2_366,0.0
cat__diag_2_365,0.0
cat__diag_2_364,0.0
cat__diag_2_362,0.0
cat__diag_2_360,0.0
cat__diag_2_359,0.0
cat__diag_2_358,0.0
cat__diag_2_357,0.0
cat__diag_2_356,0.0
cat__diag_2_355,0.0
cat__diag_2_354,0.0
cat__diag_2_352,0.0
cat__diag_2_396,0.0
cat__diag_2_397,0.0
cat__diag_2_398,0.0
cat__diag_2_436,0.0
cat__diag_2_455,0.0
cat__diag_2_454,0.0
cat__diag_2_452,0.0
cat__diag_2_451,0.0
cat__diag_2_448,0.0
cat__diag_2_447,0.0
cat__diag_2_446,0.0
cat__diag_2_444,0.0
cat__diag_2_443,0.0
cat__diag_2_442,0.0
cat__diag_2_441,0.0
cat__diag_2_438,0.0
cat__diag_2_437,0.0
cat__diag_2_435,0.0
cat__diag_2_40,0.0
cat__diag_2_433,0.0
cat__diag_2_432,0.0
cat__diag_2_431,0.0
cat__diag_2_430,0.0
cat__diag_2_429,0.0
cat__diag_2_423,0.0
cat__diag_2_422,0.0
cat__diag_2_421,0.0
cat__diag_2_420,0.0
cat__diag_2_42,0.0
cat__diag_2_416,0.0
cat__diag_2_415,0.0
cat__diag_2_405,0.0
cat__diag_2_565,0.0
cat__diag_2_566,0.0
cat__diag_2_568,0.0
cat__diag_2_694,0.0
cat__diag_2_734,0.0
cat__diag_2_733,0.0
cat__diag_2_731,0.0
cat__diag_2_730,0.0
cat__diag_2_728,0.0
cat__diag_2_727,0.0
cat__diag_2_726,0.0
cat__diag_2_725,0.0
cat__diag_2_724,0.0
cat__diag_2_723,0.0
cat__diag_2_722,0.0
cat__diag_2_721,0.0
cat__diag_2_719,0.0
cat__diag_2_718,0.0
cat__diag_2_717,0.0
cat__diag_2_716,0.0
cat__diag_2_714,0.0
cat__diag_2_713,0.0
cat__diag_2_712,0.0
cat__diag_2_711,0.0
cat__diag_2_710,0.0
cat__diag_2_709,0.0
cat__diag_2_706,0.0
cat__diag_2_705,0.0
cat__diag_2_703,0.0
cat__diag_2_701,0.0
cat__diag_2_7,0.0
cat__diag_2_698,0.0
cat__diag_2_696,0.0
cat__diag_2_736,0.0
cat__diag_2_737,0.0
cat__diag_2_738,0.0
cat__diag_2_78,0.0
cat__diag_2_796,0.0
cat__diag_2_795,0.0
cat__diag_2_794,0.0
cat__diag_2_793,0.0
cat__diag_2_792,0.0
cat__diag_2_791,0.0
cat__diag_2_790,0.0
cat__diag_2_79,0.0
cat__diag_2_787,0.0
cat__diag_2_784,0.0
cat__diag_2_783,0.0
cat__diag_2_782,0.0
cat__diag_2_781,0.0
cat__diag_2_759,0.0
cat__diag_2_741,0.0
cat__diag_2_758,0.0
cat__diag_2_756,0.0
cat__diag_2_755,0.0
cat__diag_2_754,0.0
cat__diag_2_753,0.0
cat__diag_2_752,0.0
cat__diag_2_751,0.0
cat__diag_2_750,0.0
cat__diag_2_748,0.0
cat__diag_2_747,0.0
cat__diag_2_746,0.0
cat__diag_2_745,0.0
cat__diag_2_742,0.0
cat__diag_2_695,0.0
cat__diag_2_693,0.0
cat__diag_2_570,0.0
cat__diag_2_692,0.0
cat__diag_2_618,0.0
cat__diag_2_617,0.0
cat__diag_2_616,0.0
cat__diag_2_615,0.0
cat__diag_2_614,0.0
cat__diag_2_611,0.0
cat__diag_2_608,0.0
cat__diag_2_607,0.0
cat__diag_2_605,0.0
cat__diag_2_604,0.0
cat__diag_2_602,0.0
cat__diag_2_601,0.0
cat__diag_2_600,0.0
cat__diag_2_598,0.0
cat__diag_2_596,0.0
cat__diag_2_595,0.0
cat__diag_2_594,0.0
cat__diag_2_593,0.0
cat__diag_2_592,0.0
cat__diag_2_591,0.0
cat__diag_2_590,0.0
cat__diag_2_588,0.0
cat__diag_2_586,0.0
cat__diag_2_583,0.0
cat__diag_2_581,0.0
cat__diag_2_580,0.0
cat__diag_2_579,0.0
cat__diag_2_576,0.0
cat__diag_2_573,0.0
cat__diag_2_619,0.0
cat__diag_2_620,0.0
cat__diag_2_621,0.0
cat__diag_2_659,0.0
cat__diag_2_691,0.0
cat__diag_2_686,0.0
cat__diag_2_685,0.0
cat__diag_2_684,0.0
cat__diag_2_683,0.0
cat__diag_2_681,0.0
cat__diag_2_680,0.0
cat__diag_2_674,0.0
cat__diag_2_670,0.0
cat__diag_2_665,0.0
cat__diag_2_664,0.0
cat__diag_2_663,0.0
cat__diag_2_661,0.0
cat__diag_2_658,0.0
cat__diag_2_623,0.0
cat__diag_2_656,0.0
cat__diag_2_654,0.0
cat__diag_2_652,0.0
cat__diag_2_649,0.0
cat__diag_2_647,0.0
cat__diag_2_646,0.0
cat__diag_2_645,0.0
cat__diag_2_644,0.0
cat__diag_2_642,0.0
cat__diag_2_634,0.0
cat__diag_2_627,0.0
cat__diag_2_626,0.0
cat__diag_2_625,0.0
cat__diag_2_351,0.0
cat__diag_2_35,0.0
cat__diag_1_878,0.0
cat__diag_2_131,0.0
cat__diag_2_114,0.0
cat__diag_2_111,0.0
cat__diag_2_110,0.0
cat__diag_2_11,0.0
cat__diag_1_V71,0.0
cat__diag_1_V70,0.0
cat__diag_1_V67,0.0
cat__diag_1_V66,0.0
cat__diag_1_V63,0.0
cat__diag_1_V60,0.0
cat__diag_1_V56,0.0
cat__diag_1_V55,0.0
cat__diag_1_V54,0.0
cat__diag_1_V53,0.0
cat__diag_1_V51,0.0
cat__diag_1_V45,0.0
cat__diag_1_V43,0.0
cat__diag_1_V26,0.0
cat__diag_1_V25,0.0
cat__diag_1_V07,0.0
cat__diag_1_Unknown,0.0
cat__diag_1_E909,0.0
cat__diag_1_999,0.0
cat__diag_1_995,0.0
cat__diag_1_992,0.0
cat__diag_1_991,0.0
cat__diag_1_990,0.0
cat__diag_1_989,0.0
cat__diag_1_987,0.0
cat__diag_2_117,0.0
cat__diag_2_135,0.0
cat__diag_2_349,0.0
cat__diag_2_136,0.0
cat__diag_2_193,0.0
cat__diag_2_192,0.0
cat__diag_2_191,0.0
cat__diag_2_189,0.0
cat__diag_2_188,0.0
cat__diag_2_186,0.0
cat__diag_2_185,0.0
cat__diag_2_183,0.0
cat__diag_2_180,0.0
cat__diag_2_179,0.0
cat__diag_2_174,0.0
cat__diag_2_173,0.0
cat__diag_2_172,0.0
cat__diag_2_171,0.0
cat__diag_2_164,0.0
cat__diag_2_163,0.0
cat__diag_2_157,0.0
cat__diag_2_156,0.0
cat__diag_2_155,0.0
cat__diag_2_154,0.0
cat__diag_2_153,0.0
cat__diag_2_152,0.0
cat__diag_2_151,0.0
cat__diag_2_150,0.0
cat__diag_2_145,0.0
cat__diag_2_141,0.0
cat__diag_2_140,0.0
cat__diag_2_138,0.0
cat__diag_2_137,0.0
cat__diag_1_986,0.0
cat__diag_1_983,0.0
cat__diag_1_98,0.0
cat__diag_1_977,0.0
cat__diag_1_923,0.0
cat__diag_1_922,0.0
cat__diag_1_921,0.0
cat__diag_1_920,0.0
cat__diag_1_919,0.0
cat__diag_1_917,0.0
cat__diag_1_916,0.0
cat__diag_1_915,0.0
cat__diag_1_914,0.0
cat__diag_1_913,0.0
cat__diag_1_911,0.0
cat__diag_1_906,0.0
cat__diag_1_904,0.0
cat__diag_1_903,0.0
cat__diag_1_9,0.0
cat__diag_1_897,0.0
cat__diag_1_895,0.0
cat__diag_1_893,0.0
cat__diag_1_892,0.0
cat__diag_1_891,0.0
cat__diag_1_890,0.0
cat__diag_1_886,0.0
cat__diag_1_885,0.0
cat__diag_1_883,0.0
cat__diag_1_882,0.0
cat__diag_1_881,0.0
cat__diag_1_880,0.0
cat__diag_1_88,0.0
cat__diag_1_879,0.0
cat__diag_1_924,0.0
cat__diag_1_928,0.0
cat__diag_1_933,0.0
cat__diag_1_963,0.0
cat__diag_1_975,0.0
cat__diag_1_974,0.0
cat__diag_1_973,0.0
cat__diag_1_972,0.0
cat__diag_1_971,0.0
cat__diag_1_970,0.0
cat__diag_1_97,0.0
cat__diag_1_969,0.0
cat__diag_1_968,0.0
cat__diag_1_967,0.0
cat__diag_1_966,0.0
cat__diag_1_965,0.0
cat__diag_1_964,0.0
cat__diag_1_962,0.0
cat__diag_1_934,0.0
cat__diag_1_959,0.0
cat__diag_1_958,0.0
cat__diag_1_957,0.0
cat__diag_1_955,0.0
cat__diag_1_952,0.0
cat__diag_1_945,0.0
cat__diag_1_944,0.0
cat__diag_1_942,0.0
cat__diag_1_941,0.0
cat__diag_1_94,0.0
cat__diag_1_939,0.0
cat__diag_1_936,0.0
cat__diag_1_935,0.0
cat__diag_2_196,0.0
cat__diag_2_199,0.0
cat__diag_2_200,0.0
cat__diag_2_269,0.0
cat__diag_2_308,0.0
cat__diag_2_307,0.0
cat__diag_2_306,0.0
cat__diag_2_304,0.0
cat__diag_2_302,0.0
cat__diag_2_301,0.0
cat__diag_2_300,0.0
cat__diag_2_299,0.0
cat__diag_2_298,0.0
cat__diag_2_297,0.0
cat__diag_2_294,0.0
cat__diag_2_293,0.0
cat__diag_2_292,0.0
cat__diag_2_291,0.0
cat__diag_2_290,0.0
cat__diag_2_289,0.0
cat__diag_2_288,0.0
cat__diag_2_287,0.0
cat__diag_2_286,0.0
cat__diag_2_284,0.0
cat__diag_2_283,0.0
cat__diag_2_282,0.0
cat__diag_2_281,0.0
cat__diag_2_279,0.0
cat__diag_2_277,0.0
cat__diag_2_275,0.0
cat__diag_2_274,0.0
cat__diag_2_273,0.0
cat__diag_2_271,0.0
cat__diag_2_309,0.0
cat__diag_2_31,0.0
cat__diag_2_310,0.0
cat__diag_2_333,0.0
cat__diag_2_348,0.0
cat__diag_2_347,0.0
cat__diag_2_346,0.0
cat__diag_2_345,0.0
cat__diag_2_344,0.0
cat__diag_2_343,0.0
cat__diag_2_341,0.0
cat__diag_2_340,0.0
cat__diag_2_34,0.0
cat__diag_2_338,0.0
cat__diag_2_337,0.0
cat__diag_2_336,0.0
cat__diag_2_335,0.0
cat__diag_2_332,0.0
cat__diag_2_311,0.0
cat__diag_2_331,0.0
cat__diag_2_327,0.0
cat__diag_2_325,0.0
cat__diag_2_324,0.0
cat__diag_2_323,0.0
cat__diag_2_322,0.0
cat__diag_2_320,0.0
cat__diag_2_319,0.0
cat__diag_2_318,0.0
cat__diag_2_317,0.0
cat__diag_2_316,0.0
cat__diag_2_314,0.0
cat__diag_2_312,0.0
cat__diag_2_27,0.0
cat__diag_2_268,0.0
cat__diag_2_201,0.0
cat__diag_2_266,0.0
cat__diag_2_250.2,0.0
cat__diag_2_250.12,0.0
cat__diag_2_250.11,0.0
cat__diag_2_250.1,0.0
cat__diag_2_246,0.0
cat__diag_2_245,0.0
cat__diag_2_242,0.0
cat__diag_2_241,0.0
cat__diag_2_240,0.0
cat__diag_2_239,0.0
cat__diag_2_238,0.0
cat__diag_2_235,0.0
cat__diag_2_233,0.0
cat__diag_2_232,0.0
cat__diag_2_228,0.0
cat__diag_2_227,0.0
cat__diag_2_226,0.0
cat__diag_2_225,0.0
cat__diag_2_220,0.0
cat__diag_2_218,0.0
cat__diag_2_217,0.0
cat__diag_2_215,0.0
cat__diag_2_214,0.0
cat__diag_2_212,0.0
cat__diag_2_211,0.0
cat__diag_2_208,0.0
cat__diag_2_205,0.0
cat__diag_2_204,0.0
cat__diag_2_203,0.0
cat__diag_2_250.21,0.0
cat__diag_2_250.22,0.0
cat__diag_2_250.23,0.0
cat__diag_2_250.9,0.0
cat__diag_2_263,0.0
cat__diag_2_262,0.0
cat__diag_2_261,0.0
cat__diag_2_260,0.0
cat__diag_2_259,0.0
cat__diag_2_258,0.0
cat__diag_2_256,0.0
cat__diag_2_255,0.0
cat__diag_2_253,0.0
cat__diag_2_252,0.0
cat__diag_2_251,0.0
cat__diag_2_250.93,0.0
cat__diag_2_250.91,0.0
cat__diag_2_250.83,0.0
cat__diag_2_250.3,0.0
cat__diag_2_250.82,0.0
cat__diag_2_250.81,0.0
cat__diag_2_250.8,0.0
cat__diag_2_250.53,0.0
cat__diag_2_250.52,0.0
cat__diag_2_250.51,0.0
cat__diag_2_250.5,0.0
cat__diag_2_250.43,0.0
cat__diag_2_250.42,0.0
cat__diag_2_250.4,0.0
cat__diag_2_250.33,0.0
cat__diag_2_250.32,0.0
cat__diag_2_250.31,0.0
cat__diag_2_610,0.0
