feature,contribution
cat__discharge_disposition_id_11 <= 0.00,0.06074813828575415
cat__discharge_disposition_id_22 <= 0.00,-0.04548979666042104
cat__diag_3_574 <= 0.00,-0.03541232728171626
cat__diag_1_V58 <= 0.00,-0.03330173446101857
cat__diag_2_781 <= 0.00,-0.027901576329262764
cat__diag_1_235 <= 0.00,-0.024734705389650235
cat__diag_3_E929 <= 0.00,-0.02105070247977503
cat__diag_2_179 <= 0.00,0.006194746645603498
cat__diag_1_380 <= 0.00,0.003704775875748156
cat__diag_3_492 <= 0.00,-2.242844838563706e-05
